Model,Exact Match,BLEU-4,ROUGE-1,ROUGE-2,ROUGE-L,BERTScore F1
Model 1 (Baseline GPT-2),0.0,0.004754902825413842,0.11358051185158058,0.016979107749028315,0.0813401018700509,0.6294309496879578
Model 2 (Fine-tuned GPT-2),0.0,0.0037221849116912003,0.12476626987807804,0.012277523502304304,0.06515417508566174,0.6532696485519409
Model 3 (RAG + GPT-4o-mini),0.0,0.05178047899121321,0.30779109503887203,0.12331776384625591,0.21561402475349398,0.7395463585853577
